1101690;1334.jpg
1101695;7498.jpg
1128762;6838.jpg
1128763;2470.jpg
2116266;4416.jpg
2116274;6708.jpg
2116275;4885.jpg
2116277;7210.jpg
2116279;5514.jpg
2116282;2699.jpg
2116283;8661.jpg
2217258;6696.jpg
2222485;3114.jpg
3092788;7492.jpg
3318057;4582.jpg
3592865;815.jpg
3626881;8915.jpg
3715400;500.jpg
3755201;2716.jpg
3755204;7425.jpg
3755205;3067.jpg
3755207;5710.jpg
3755210;9290.jpg
3755211;7003.jpg
3755212;5325.jpg
3755213;5435.jpg
3755217;8660.jpg
3755218;1691.jpg
3756515;7207.jpg
3758751;9311.jpg
3788611;3853.jpg
3788612;6372.jpg
3788614;2224.jpg
3887530;573.jpg
3887124;8960.jpg
3887127;7132.jpg